Gốc (Reference)                                                         , Máy đoán (Prediction)
trở nên thụ động                                                        , chỡ nên thủ động
cũng khiến cho họ dè dặt                                                , cũng khuấn cho họ giề giả giả giả giả giả
chị gặn hỏi anh thề sống thề chết là không có                           , chị giảng hỏi anh thề sống thể chế là không có
điện thoại reng nhưng ta cũng phải nhấc máy đúng không                  , tiện thể lan nhân ta cũng phải nhất máy túng không
cũng thuộc loại dày đặc nhất trong hệ mặt trời                          , cũng thuột lại dày đặc nhất chong hệ mặt chời
các vụ tham nhũng và bê bối kinh tế                                     , các vụt tham nhổng và b bối kinh tớ
chúng cứ cố lùi lại mặc dù vướng víu gông xiềng                         , chúng cứ cố lồi lồi lại mặt dồa vướng puyểu gông chuyền
bọn buôn dự án chạy chọt bày ra các dự án để kiếm chác                  , bọt buôn dự á chạy chợt bày ra các dự á để kiếm chét
tất cả mọi thứ đều kỳ lạ một cách phi thường                            , đất cả mọi thứ đều kỳ gả một các phi thường
các chương trình ca nhạc phần lớn đều không đột phá                     , các chuyến trình ca nhạch thuỳnh lớn đều không đột hế
rồi chạy sang gõ cửa phòng ba le hai dấm dúi                            , rồi chảy sang gọ cửa phòng ba lên hai giấm duoi
để trả trở lại đại dương                                                , để trả trở lại ải dương
nàng có đôi mắt to sâu và vầng trán rộng mênh mông                      , này coi tôi mắt đoa sau và bệnh trán rọc minh mong
tôi tự hỏi phải chăng đó là do dan còn quá trẻ                          , đới đự hỏi phải tranh đó là do gian còn quá chỉ
ủy ban châu âu kêu gọi những quốc gia phát triển còn lại                , uy ba chau ôc kê gọi nhỏn quyễn giá phát chuyển cợ lại
và khi chúng ta sao nhãng công việc của mình                            , vỡ khi chúm ta sau nhảng cốn vịa của mỹnh
có thể lành lặn mà không để lại vết sẹo                                 , giao thể là lạng mà không để lại vớt sẽo
muốn đẹp phải ghè làm sao cho các bó cơ chân nổi bật lên                , muốt đẹ phải dề làm trao cho các bó cơi trên nổi bặc lên
y tế bình hưng hòa bị hư hỏng                                           , yêt đế bịn hưng hồa bị hư họng
cô cứ nhè ngay cái nọng cá trê                                          , có cứa nhè các nộng cá chề
nếu tưởng tượng bảy tám năm nữa                                         , nếu tựa tựa bảy đám năm nửa
ông chủ tịch tuyên bố như thế nào                                       , ông chủ tịch điên bố như thế nào
khiến hai cha con cậu                                                   , khiến hai cha con cậu
làm đẹp không đúng cách                                                 , nam đạt không túng các
mỗi khi xe rác đi ngang qua đánh kẻng mới đem ra đổ                     , mỗi khi xe lá ti nghe qua tấn kẻ mới đem la đỗ
thay vì bốn giờ như trước đây                                           , thay vì bốn giờ như trước đây
hầu hết nang này có nguồn gốc từ gân cơ chân ngỗng                      , hầu hếp tra này có nguồn gấp tự gân cơ chân ngổng
tiếng mã tấu sắc lạnh chạm nhau và cả tiếng rên rỉ                      , tuyến mả đấu sắt lặng chạm nhau và cả tuyến rên gỹ
có hẳn một loạt bài viết chuyên đề về quản trị thương hiệu              , có hẳn một lạp bài viết chuyên đề về quán chỉ thương hiệu
hợp với hương vị đầu xuân                                               , họp với hưm vị đầu sân
ổng nói ở sài gòn ổng đã làm ông hội đồng như thế nào                   , o'm nói ả sậy gồn ẩm đã làm ông hội đồng như thế nào
bà quảng vẫn đang bận rộn                                               , ba quảng vỿn đang vện rồn
mày dám chơi vợ tao tao phải giết mày                                   , mày giám chơi về tao ta chỉ giết mày
tống cổ hắn đi không được để hắn vào đây nữa                            , đóng cổ hánh đi không được để hán và đây nữa
hắn chơi vợ anh thì sao anh không chơi vợ hắn                           , hánh chay với anh thì chau ăn không chay với anh
tháng trước chồng về mấy ngày mình nằm ngủ thấy ấm kinh khủng           , tháng trước chồm về mấy ngày mề nằm ngủ thấy ấm quyên khủng
cho em góp một viên gạch                                                , cho em góp một viên gạc
đi kiểm tra lại bác sĩ khuyên nên mổ nội soi                            , đi kiểm tra lạc bác sĩ khuyên nêm mổ nổi soi
hôm nay em có tới năm khách                                             , hom nay em có tới nắm khác
anh bị đẩy từ hà nội vào sài gòn                                        , ăn bị đấy từ thà nội và sại gòn
phù hợp cho mọi cân nặng                                                , phu hợp trong oải cân nặng
âm thầm chắt chiu nuôi tôi khôn lớn                                     , âm hầm chất chiêu nuôi tôi khôn lớn
vì bạn có thể lảy cò từng phát một                                      , về bạn có thể lấy cò từng phát một
vai trò của chế độ dinh dưỡng                                           , vai trò của chế độ dinh dưỡng
không hiểu sao                                                          , không hiểu sau
khiến phụ huynh hiểu nhầm                                               , khiến phủ huynh hiểu ngầm
mỗi khi cơn gió đến                                                     , mỗi khi cơn giố đến
này bón cho con thương đỡ yếu đau còi cọc                               , này bón cho công thương đỡ yếu đau coi cộc
trong tư thế phi ngựa chồm lên                                          , trong tư thế phi ngửa chồm lên
mà cũng đầy thanh khiết                                                 , mà cũng đầy thanh khít
một vụ chập điện đã khiến ngọn lửa bùng lên                             , một vụ chọc điện đã khiến ngọn lửa buốn lên
bà con chòm xóm                                                         , bà con trồn sớm
đây là mức lãi suất thấp nhất qua các phiên đấu thầu                    , đấy là mức lại sức thấp nhất qua các phiên đố thầu
dọc hai bên sông ngàn sâu                                               , dọc hai bên song ngạn sau
nhưng oái ăm thay                                                       , nhưng ói âm thai
sau cải cách                                                            , sau cải cách
một kế hoạch tương tự được áp dụng ở anh                                , một kế hoạch tương tự được áp dụng ở anh
cỡi ngựa đi thi                                                         , cởi ngự đi thì thì
ôi dào                                                                  , oiều
không một chiếc xe lạ nào có thể mon men vào được                       , không một chiếc sẽ lạ nạo có thể mong men vào được
rồi đi khắp nơi tìm thầy chữa bệnh cho anh                              , rồi đi khắp nơi tìm thầy chỉa bạn cho anh
bên trong trái vả khi bổ ra sẽ rỗng chứ không đặc như trái sung         , bình trong trái vả khi bổ ra sẽ rỗng chứ không đặc như trái xung
nên hai mố cầu bị sụp đất khiến lối đi bộ quá nguy hiểm                 , ninh hai mố cầu bị giọp đất khiến lối đi bộ quá nguy hiệm
luôn ổn định và các xe trấu khá nặng                                    , luôn ổn định và các xe trấu khá nặng
và khi họ vạch tóc ra                                                   , và khi họ vách tóc ra
của chính sách đối với quy mô của thị trường                            , cửa chính sách đối với qui mô của thị trường
sương mù đã đọng thành những hạt giá băng                               , sung mùu đã đống thành những hạt giá băn
chứ không phải tài năng thiên bẩm nào                                   , chứ không phải tài năng thiên bẩm nào
là tiếng trống lân tùng xèng vui tai                                    , là tiếng trống lân tùng sàn vui tay
một chuyến du lịch dã ngoại tại bò cạp vàng                             , một chuyến du lịch giảng ở é tại bo cạp vạn
ghép cành mai giảo vào thân cổ thụ cho hoa cánh lớn                     , gép cạnh may giảo vào thân cổ thủ cho hoa cánh lớn
để chọn máy in cho phù hợp                                              , để chọn máy anh cho phù hợp
bác vẫn chưa trả tiền cho tôi đây nhé                                   , bác phẩn chưa trả tiền chủ tôi đấy nghe
tôi đang bận họp                                                        , tôi đang bạn hập
cướp đầy đường công an chỉ lo hạch sách                                 , ướp đầy được công ăn chỉ lo hạt sách
mẹ ơi có mua đồ cho con không                                           , mẹ ơi có mua đồ cho con không
con chó lủi thủi đi theo chủ nó                                         , con chó lượi thủi đi theo chủ nó
trong phim có nhiều cảnh chém giết                                      , trong phim có nhiều cảnh chém giết
diễn viên chính đứng như khúc gỗ                                        , những viện chính đứng như khúc gỗ
bác đang suy nghĩ gì thế                                                , mỗi đang xuống ỉ gì thế
khi trẫm khỏi bệnh thì sẽ chém đầu                                      , khi chấm có bịnh hì sẽ chém đầu
việc một quyển tiểu thuyết như thế                                      , việt một quyễn tiểu hiết như hới
những cơn gió mạnh và mưa đóng băng gây trơn trợt                       , những cơn gió mạnh vờ mưa đóng băng gây chơn chợt
não bộ chúng ta phát triển những rung động yêu thương                   , ngỏ bộ chúng ta phát chuyển những gung động yêu hương
trừ khi bạn biết tôn trọng bản thân mình                                , trừ khi bạn biết tôn trọng bản hơn mình
những con đường ngắn ngủn như những nhát cắt                            , những con đường ngấn ngủng như những nhát cất
hiện ra tận phía xa                                                     , hiện ra tận phía xa
xin được chân khuân vác                                                 , sinh được chân khuân vét
nhưng khi tiến gần vào vịnh thì mặt biển bị rạn vỡ                      , nhưng khia tiến gần vào vịnh hì mặt biển bị gạn vỡ
một bà ngoại giặt đồ thuê                                               , một và ngoại dặt đồ hơi
đôi bàn tay em không được mềm mại và nõn nà                             , đoa bàn tai em không được mìm mỡ và nón nà
tây giang vẫn còn khắc khoải không thể vào xã a nông                    , tùy gian vững còn khắc khỏi công hở về sẽ ai nông
những dự định cần phải được biến thành hiện thực                        , những dựa định cần phải được biến hành hiện hực
để tàu không phải cưỡi cầu tàu                                          , đỡ tàu không phải cửi cấu tàu
bàn chổi sơn bằng bông mềm rất phổ biến                                 , ban chỏi sơn bằng bàn bong mìm ngứt phổ biến
thật sự mà là bởi lòng hận thù                                          , hực sự mà là bới lòng hận hầu hựu
việc quy tội để bùng nổ loại sách này là do                             , việt quyê tội đỡ bồn nổ loại sắch này loà do
di tích có bảy phỗng ông và hai phỗng bà được làm bằng gỗ mít           , dự tích có bảy phỏng ông về hai phỏng và được làm vằng gựa mỿch
các chú cũng thoải mái phóng uế giữa chốn đông người mà không sợ        , các chú cũng hỏi mái phóng ở giữa chốn đông người mà công sợ
tiếng cọc cạch khựng lại của những khớp sắt                             , tuyến cọc cận khỏn lỏi của ở những cốt sắc
người ta nói                                                            , người ta nói
cũng lên tiếng ủng hộ các kiến nghị này                                 , cũng lên tiếng ống hộ các kí nghệ này
anh phú chưa bú được sữa mẹ lần nào                                     , anh phú chưa bú được sửa mẹ lần nào
ngọn lửa bạo động ở trung đông và phá vỡ lộ trình hòa bình              , ngọn lựa bỏ động ở trung đong và phá vỡ lỗi trinh qua bình
và rất sáng tạo                                                         , và ước ấy ấy
nhưng giấc ngủ chập chờn                                                , nhưng dứt ngủ chập trờng
giám đốc sở giáo dục đào tạo ninh thuận cho biết                        , giám đốc sợ giáo dục đào tờ ninh hỏn cho biết
đèn bị hư rồi ba                                                        , đang bị hươi gò ba
trưởng công an xã chạy sang can ngăn cũng bị tuyến đánh tiếp            , chuững công an sả trải sang can ngăn cũng vị tuyến đánh tiếp
nghe chúng tôi hỏi điều này chị ngát rân rấn nước mắt                   , nghe chúng tôi hỏa điệm này chị ngác gấn gứng nước mất
công văn đề nghị tỉnh con tum xây dựng cửa khẩu                         , cong văn đề nghễ tính con tôm xây dựng cửa khấu
nhưng tình yêu vẫn nồng nàn và say đắm như buổi ban đầu                 , nhưng tình yêu vửng nồng nàng và xe xe đấm nhười bủi ban đầu
do chính phủ mỹ tiến hành ở việt nam                                    , do chính phủ mỹ tiếng hành ở việt nam
tỉnh quảng trị đã phê duyệt                                             , tỉnh quán chị đỏ phơi diệt
nhưng tôi thích xem bộ phim truyện phát ngay sau chương trình này       , nhưng tui hít xem bổ phim chuyện phát gay sao chương trình này
cũng chưa biết nữa                                                      , cũng chưa biết nỗ
xuân này em không về                                                    , xuân này em không vời
chắc sắp tới thu xếp đi du lịch thôi                                    , chất sóp tới hồi xết đi dùi đật thôi
nó trốn mất tiêu rồi còn đâu                                            , nó chốn mức tiều gọi còn đau
thằng đó có cái miệng như đàn bà                                        , hạn đó có cái miệng nhười đần bà
bà nói                                                                  , bà nói
con nhỏ mở cái túi gút đeo trên cổ                                      , con nhoa mỡ cái tuy gút đeo trên của
cũng chẳng còn xúng xính quần áo mới                                    , cũng chặn còn xuống xính quỳng áo mới
trẻ em đâu có chướng ngại vật                                           , trẻ em đâu có chứng ngày vật
tôi không nỡ làm cô bé thất vọng                                        , tôi không nỡ lầm của bé thất phẩn
rất nhiều gửi gắm và kỳ vọng vào ông                                    , lức nhiều gũi gấm và kỳ vọng vào ông
đang thảo luận về đề xuất                                               , đăng thố luận về điệm suốt
chủ tịch nước đã đến kiểm tra tiến độ thi công                          , chứu tịch nước đã đấy đấy kiểm tra chuyến đổ thuyết công
nghĩa là kém cỏi nam tính hay sao                                       , nghĩa là kiếm có nóm tính hay sau
một cô gái váy ngắn cũn cỡn chạy lên hỏi                                , một cua gái váy ngáng cũng cỡn chạy lenh hỏa
sẽ không khiến bạn trông gầy như những trang phục một màu               , sẽ không khiến bạn trong gài như những trong phục một màu
cô chỉ mới vào lưới nhặt bóng hai lần                                   , cua chỉ mới vào lưới nhặt bóng hai lần
hoặc chỉ biểu hiện bằng các rối loạn co bóp                             , hạc chiệp biễu hiện bằng cất rứ loạn câu bóp
nhằm tạo ra sự hấp dẫn                                                  , nhằm tạo đó sự hấp dẫn
thứ âm thanh không chỉ cảm nhận bằng thính giác                         , thuức ôm thuanh không chiệt cảm nhận bằng thính giấc
từ nỗi cô đơn của một cô bé bị cha mẹ bỏ quên                           , từ nở của đang của một của bảy bị cho mẹ bỏ quanh
chính bà cũng là người nung nấu niềm đam mê diễn xuất của cô con gái    , chính bọ cũng là người nung nấu niềm đâm mê diễn sức của con gái
đó cũng là động lực thúc đẩy tôi                                        , đó cũng là động lực thúc để tôi
nhóm sinh viên tại trường cùng họp mặt ăn tết chung                     , nhóm sinh viên tại trường cùng học mặt ăn tích trung
vì tối đó                                                               , vự tử đó
đôi khi bạn cũng có thể làm những điều đó                               , đước khi bận cũng cũng có thể làm những biệu đó
rạch bàu mớp                                                            , rặt bầu múp
gí hòn than vào rơm                                                     , gía hoàn thoan vầu rum
cháu sốt nên rẹo rọc suốt đêm                                           , cháu sóc nênh reo rọc suốt đêm
và tôi thấy hoa vạn thọ vàng ươm                                        , và tôi thấy qua vận thỏ và ngườm
tay kia xách một tay gióng mang chiếc vịm lớn                           , tay chia sách một tay giống mang trức vĩm lớn
ngủ trên nệm không phù hợp                                              , ngủ trên nẹm không phù hợp
những ngày đầu vắng bóng ba việt cứ thừ người nghĩ ngợi                 , những ngày đầu váng bóng ba miệt cứ thừ người nghĩ ngủi nỹ ngửi
bị các cô gái bao vây ráo riết                                          , biệt cất cua gái bao vay rấu riết
trơ trọi giữa đồng cái nhìn khắc khoải                                  , truy trệ giữa đồng cái nhịn khoất khoấy
ngoài việc phát hiện kẻ thù                                             , ngoài việc phắc hiện cái thù
một là gặp lại tất cả các em phò                                        , mốc là gặp lại tất cả cất in phò
những sai lầm khi đi chọn khách sạn                                     , nhưng xe lầm khi đi đi chọn khách sẵn
anh đi công tác cần thơ tuần sau mới về                                 , anh điệt công tất cần thoa tuần sau mối về
có trả tiền cho bố không thì bảo                                        , có trả tiền cho bố không thì bảo
cam sành lột vỏ còn chua                                                , công sành lọc vó còn chua
anh khen em đẹp em chê anh già                                          , anh khang em đẹp em chia anh già
nhận được tin này gọi lại cho tôi gấp                                   , nhặng được tin này cọ lại cho tôi góp
ba này chỉ giỏi bốc phét                                                , ba này chị giỏ bút phắc
cho tôi nhắn đại tin nào cũng được                                      , cho tôi nhất đại tin nào cũng được
hãy tưởng tượng rằng bạn là là giám đốc dự án trong một công ty lớn     , hãy tượng tượng rằng bạn là giam đốc dự án trong một công ty lớn
của những thế lực hùng mạnh                                             , của những thấy lực hồn mệnh
ông nhặt nó lên                                                         , ông nhặt nó lên
nguyên thứ trưởng mai văn dâu đã bị bắt                                 , nguyên thứ trưởng mai văn giao đã bị bắt
nhưng mức án tử hình đối với các bị cáo là tương xứng                   , nhưng mức án tử thình đối với các vị cáo là tương dính
những người sống thì tha thẩn trong nhà ngoài ngõ                       , những người sống thì tha thản trong nhà ngoài ngỏ
cả không gian nhuốm màu tro bếp                                         , cũng không giang nhuốn mậu trô bếp
trán giô                                                                , trảng giờ
thu chạm ngõ rất hiền                                                   , thu chầm ngọ rất hiền
trông một cô nàng đổ người lên lưng anh người yêu gầy còm               , trong một cô nàng độ người lên lưng anh người yêu gầy cồm
doanh nghiệp tuyển dụng lao động nước ngoài                             , doanh nghiệp tuyển dụng lao động nước ngoài
thời hạn sử dụng và loại sản phẩm bột                                   , thời hạn sử dụng và loại sản phấm bột
mà còn bị những bộ mặt lạnh te kia hoạnh họe                            , mà còn bị những bồn mặt lạc lạnh té kia hoạn hoạt
nhưng mùi hôi vẫn xộc vào tận óc                                        , nhưng mùi hôi vẫn sốc vào tận áp
đang làm việc không ngừng nghỉ                                          , đang làm việc không ngừng nghị
thu hút rất là nhiều loài chim                                          , thuỳ hút rất là nhiều loại chim
khi cô thể hiện không mấy thành công ở lễ khai mạc                      , khi cô thể hiện không mấy thành công ở lễ khai mạc
ra hiệu cho tôi im lặng                                                 , ra hiệu cho tôi im lặng
nhỏ đưa tay ra cào hết bùn khô trên cổ tớ                               , nhỏ đưa tay ra cạo hết bùng khô trên cổ tớ
ngồi chồm chồm cách chỉ mấy mét                                         , ngồi chồm chồn cách chị mấy mét
nửa vòng trái đất hơn bảy năm                                           , nửa vòng trái đất hơn bấy năm
chậm nắm bắt xu hướng phát triển công nghệ mới                          , chấm năm bắt xu hưu hướng phát triển công nghệ mới
mà mường tượng ra hình bóng mẹ                                          , mà mườn tượng ra hình bóng mẹ
mỗi người một số phận em à                                              , mỗi người một sốt phần em à
lần lữa mãi mới gặp được tuyên                                          , lần nữa mải mới gặp được tuyên
làm đường dây để nối các mảnh đời                                       , làm đường dây để nói các mạnh đời
chị hai chủ quán nghe bàn tán rôm rả cũng ra góp chuyện                 , chị hai chủ quáng ngay bàn táng rồn rã cũng ra góp chuyện
tức khắc ập về kéo mọi người thứ trở lại thời hoang sơ                  , tức khắc ập về kéo mọi người thứ trở lại thời hoan sơ
tên gọi tại địa phương là trắc thối                                     , tên gọi tại địa phương là trắc thối
bốn chiếc trống đại phèng la                                            , bốn chiếc trống đại phèn la
một cú ngoặt không chính xác                                            , một cũ ngoặt không chính xét
mới đây nhất là các tiểu vương quốc ả rập thống nhất                    , mới đền nhất là các tỉo vườn quác ả rập thống nhất
cộng đồng người mê toán học trên toàn thế giới                          , cọng đồng người mê toán học trên toàn thế giới
tôi nghĩ thủ tướng sẽ không né tránh bất cứ câu hỏi nào                 , tôi nghĩ thủ tướng sẽ không né tranh bất tứ câu hỏi nào
bọn buôn lậu ma túy và vũ khí                                           , bọn buôn lậu ma túy và vũ khí
lại quay ra tập viết báo rồi gửi vu vơ                                  , lại quay ra tập viết báo rồi gửi vu vơ
nghe tiếng xình xịch xa xa thì đoán trúng phóc là hút hầm cầu           , ngay tiễn sình xịch xa xa xa thì đoán trung phác là hút hầm cầu
chưa rục rịch gì                                                        , chưa rục rịch gì
thế nhưng khi giá phôi thép thế giới cao dần                            , thấy nhận khi giả phối thếp thế giỡi cào dần
làm hỏng các thiết bị của tên lửa                                       , làm họng các thiết bị khủa tình lửa
đơn giản là tán gẫu với nhau                                            , đơn giản là tán gộ với nhau
mà do lối sống chui nhủi của chúng                                      , mà do lối lối sống chui nhuỗi của chúng
râu ria đã ba ngày không cạo                                            , ru ria đã ba nghề không cạo
một đường hướng chuyên nghiệp                                           , một đường hướng chuyên nghiệp
lính cứu hỏa khó tiếp cận hiện trường                                   , lính cứ họ hỏa khó tiếp cận hiện trường
những người trên ghe của công an đã nhắm thẳng vào ghe anh chủ          , những người trên ra của công an đã nhấm hẳn vào ra anh chủ
đừng buồn vì tự giằn vặt mình nữa                                       , đường buồn bị tự giằng vật mình nữa
và hít vào mũi làm chất này loãng ra                                    , và hích vào mũi làm chất này loẵng ra
đang hấp dẫn các tập đoàn phân phối đa quốc gia                         , đang hấp dẫn các tập đoàn phân phói đa quốc gia
dù là đậu sức mạnh hoặc cải bông khủng long                             , dùa là đầu sức mạnh hoật cả bong khuủng long
vì nó không nhắc đến những cuộc tấn công nhắm vào người do thái         , vì nó không nhắc đến những cuộc tấn công nhấm vào người do thấy
rồi khề khà đôi câu vọng cổ với chân chuột                              , rồi khi khà đôi câu vọng cổ với chân chuột
ở lớp nấu ăn gia đình                                                   , ở lớp nấu ăn gia đình
mà bạn có thể tham khảo để làm đẹp gian bếp                             , mà bạn có thể hâm khẩu để làm đẹp giang bếp
cái vị chát chát và đắng ngắt của cà phê nguyên chất                    , các vị chác chác và đắng ngắt của cà phê nguyên chất
các em nhỏ sẽ không còn phải đi trên những chuyến đò nguy hiểm          , các em nhỏ sẽ không còn phải đi trên những chiến đoàn nguy hiểm
làm cô nàng rọ rạy thức trắng cả đêm                                    , làm cô nàng rõ rây thức trấn cả đêm
giải quyết khối ung nhọt này phải cần đến một cuộc đại phẫu nghiêm túc  , dải quyết khối ung nhọt này vảy cần đến một cuộc đại phấu nghiêm túc
thậm chí càng giống áo quí nàng càng mốt                                , hẵm chí cần dống áo quy nàng gàn mót
còn bộ khang hi từ điển                                                 , còn bộ khăn hi từ điển
đôi môi mẹ phai son mấp máy một lời ca hoang hoải                       , đôi môi mấy mấy phay son mấp mấy một lời ca hoang hoải
số khác suy đoán rằng anh ta hành động ác tâm vậy                       , số khác suy đón rằng anh ta hành động át tâm vậy
làm khung                                                               , làm khung
hoặc bạn sẽ đến đấy với một tâm trạng chán ngán vô cùng                 , hoặc bạn sẽ đến đấy với một tâm trạng trán ngáng vô cùng
phải được thực hiện trên cơ sở                                          , phải được thực hiện trên cơ sở
hai mươi sáu hai mươi bảy                                               , hay mươi sáu hay mươi bảy
ba mươi ba mươi mốt                                                     , ba mươi ba mươi mốt
năm mươi năm mươi mốt                                                   , năm mươi năm mươi mốt
tám mươi sáu tám mươi bảy                                               , tám mươi sáu tám mươi bảy
tám mươi tám tám mươi chín                                              , tám mươi tám tám mươi chín
một trăm một hai ba                                                     , một tranh một hai ba
một ba năm bảy chín                                                     , một ba năm bảy chín
nói trước bước không qua                                                , nói trước bước không qua
chẳng là mấy hôm nay tôi đau bụng quá                                   , chấn là mấy hôm nay tôi đau buồng quá
sao kết quả ra tệ vậy                                                   , sau kết quả ra tệ vậy
tôi chỉ muốn xem những đoạn hay mà thôi                                 , tôi chỉ muốn xem những động hay mà thôi
công ty trách nhiệm hữu hạn ăn uống                                     , công ty trách nhiệm hữu hoàng ăn uốn
phí chuyển giao công nghệ là ba chục ngàn đồng                          , phía chuyển giao công nghệ là ba chục ngàn đồng
lương ba cọc ba đồng thì nuôi được ai                                   , lưng ba cọc ba đồng hề nuôi được ai
cô ấy đã quá chén                                                       , cô ấy đã quá chiến
hằng năm chúng ta thải ra hàng tỉ thiết bị điện tử                      , hàng năm chúng ta thể ra hàng tỉ thiết bị điện tử
cho những chuyến dã ngoại của du khách                                  , cho những chiến giới ngoại của du khết
những nhược điểm của mình                                               , những nhượt điểm của mình
vì đó mới chính là thứ bạn cần                                          , về đó mới chính là thứ bạn cần
gió trời không thể thông thốc thổi vào khai trung                       , rr r
bởi cơ quan chuyên môn hoặc thuê tổ chức kiểm toán độc lập              , bới cưa quan chiên môn hoặc thuê tổ chức kiểm toán độc lập
hoặc cho vào vại muối để lợn ăn dần                                     , hoặc cho vào vải muối đối lỡ đỡ lỡ ăn dần
cứ chụm các đầu ngón tay lại một chỗ                                    , cứ chửm rất đầu ngón tay lại một chỗ
đã có dự án để xây dựng một cái cầu từ đất liền                         , đểa có dự án để xây dựng một kế cầu từ đất liền
chạm vào phần thóp mềm trên đầu bé                                      , chạm vào phần thóp mềm trên đầu bé
thì bỗng nghe thấy tiếng oác oác từ vạt rừng phi lao                    , thì bỗng nghe tiếng óát quác từ vạc rưng phí lao
phục vụ cho mùa thi đại học đang đến sát sạt                            , phốt vụ cho mùa thi đại học đang đến sát sạc
trận chiến xích bích                                                    , trận chiến xích bích
nguyên thứ trưởng bộ đại học và giáo dục chuyên nghiệp cũ               , nguyễn thứ trưởng bộ để học và giáo dụng chuyên nghịp của
vào cơ quan là anh hót giống hệt nhồng mới lột lưỡi vậy                 , vào cơ quan là anh hót giống hệt nhồng với lột lửi vậy
áng chừng đã ngoại bảy mươi                                             , án chừng đã ngoại bấy mươi
có hai tác dụng tích cực                                                , có hai tác dụng tích cực
tham gia giảng dạy là lực lượng đoàn viên                               , thamp da giãng giảy là lực lượn đoan viên
đó hẳn là một món quà                                                   , đó hẳn là một món của
và khi thấy tôi vẫn kiên định trả lời trớt quớt                         , và khi thấy tôi vấn kiên định trả lời trất quốc
rô bót thông minh                                                       , rô bót thông minh
đầu tiên là bà con mình vật vã làm ăn                                   , đầu tiên là bà con mình vực vẫn lạm ăn
mà cho đến lúc đó được xem là của tư nhân                               , mà cho đến lúc đó đực xen là của tưa nhân
như lần này được nếm món giò thủ hoàn toàn làm từ tai heo               , như lần này được đếm món dò thủ hoan toan làm từ tay heo
những người hoài nghi nói rằng giữ được vật treo lủng lẳng trên người   , những người hoài nghi nói rằng giữ được vớt trao lũng lắng trên người
chíu chít gợi tình mẹ con sum họp                                       , chiếu chít gỡ tình mẻ con sinh họp
nơi có mấy tên trông rất gấu                                            , nơi có mấy tên trong rất gấu
nhiều người cho biết                                                    , nhu người cho biết
nhiều trụ đá di tích nằm nghiêng ngả và vỡ nát                          , nhiều trủ đá gia tích nằm nghiên ngã vỡ ở nác
họ cũng luôn tránh xa những tình huống có thể gây hại cho họ            , họ cũng luôn tránh sao những tình huống có thể gây hệ cho họ
trong cuộc sống của tôi chúng không dùng để kiếm ra lợi nhuận           , trong cuộc sống của tôi chúng không dùng để kiếm ra lỡi nhuấn
hai mươi bốn hai mươi lăm                                               , hai mười bốn hai mười lăm
hai mươi tám hai mươi chín                                              , hay mỹ tá hay mỹ chính
năm mươi hai năm mươi ba                                                , năm mưng hai năm mưng ba
sáu mươi tám sáu mươi chín                                              , xóng bưỡi tám sóng bưỡi chính
bảy mươi tám bảy mươi chín                                              , bấy mỹ trám bấy mỹ chính
chín mươi tám chín mươi chín                                            , chính mười tám chính mười chính
buổi sáng thành phố ô nhiễm hơn buổi trưa                               , bỗi sáng thành phố ô nhiễm hơn bỗi trưa
nóng giận tôi đã lăng mạ anh                                            , nóng dẫn tôi đã lắt mà anh
chủ tàu cho biết sẽ tiếp tục thương thuyết về số chi phí này            , chủ tòu cho biết sẽ tiếp tục thương tuyết về số chứ phí này
đừng để con sâu ăn                                                      , đừng để con sau ăn
cây cổ thụ ấy bất chợt bị bệnh tật quật ngã                             , k�a thầu ấy bất chợt bị bịnh tật quật ngã
và nếu bạn trót làm lộn xộn màn hình nền                                , và nếu bạn trót làm lộn sộ màn hành hành nền
đạo diễn trẻ này có nhiều điều ngẫm ngợi về nghề                        , đảo diễn tẻ này của nhiều đều ngấm ngỡ về nghề nghề
sẽ không khiến bạn trông gầy như những trang phục một màu               , sẽ không khiến bạn trong gại như như những căn phục một màu
bởi cơ quan chuyên môn hoặc thuê tổ chức kiểm toán độc lập              , bởi cơ quan chuyên mơn hoặc thuê tổ chức kiểm toán đọc lập
nó lật đật đạp chiếc xe cà tàng băng ngay ra đầu đường                  , nó lập đật đập chiếc xe cò tàng bấn ai ra đậu đường
hoặc chỉ biểu hiện bằng các rối loạn co bóp                             , hoặc chí biểu hiện vàng các rôi lo lộn coo bớp
khi tôi là con bé lớp bốn thì cây vả đã cao quá nóc nhà                 , khae tôi là con bé lớp bốn thì kê vả năc ca qua nóc nhà
buổi đầu thật khó khăn theo đuổi chương trình học                       , bũi đầu thật có khăn theo đỗa chưng trình học
việc đưa tín hiệu truyền hình trực tiếp bằng hệ thống cáp quang         , việc đưa tính hiệu truyền hình trực tiếp bận hệ thống cấp quan
vì không có tiền đóng học phí                                           , vì khđa ngó tìn đóng học phí
thì bỗng nghe mấy tiếng oác oác từ vạt rừng phi lao                     , hệ bỏng nghe mấy tiếng óe óe từ vật rừng phí lao
hay đảm bảo rằng ngày nào chúng cũng được đi những đôi tất sạch         , hai đấm bảo rằng nghề nào chúng cũng được đi những đôi tất sạch
về việc mang đến cho các em niềm vui học                                , về việc mang đến chất các em niềm vui học
có lẽ phải mất nhiều thời gian                                          , có lẽ phải mất nhiều thời gian
nước gỗ trên chiếc đồng hồ đã bắt lên màu gụ bóng loáng                 , nước gọt tranh chiếc đồng hồ đỡ bắt lên màu gộ mông loán
khi sức ép biến mất chúng trở lại tình trạng mềm dẻo bình thường        , khi sức ép biến mất chúng trở lại tình trạng mềm giẻ bình thơn
tham gia giảng dạy là lực lượng đoàn viên                               , tham ra giảng giải là lịt lượt lượng động viên
và vải hoặc cói nhiều màu                                               , và vại hoặc cói nhiều mào
với người mẹ ở xóm chài long biên                                       , với ngời mẹ ở sốm ch ai long biên
chương trình đã tạo được hiệu ứng tốt từ phía khán giả nhí              , chương trình đã tạo được hiện ứng tốt từ phía khán giả nhí
dịch vụ kiểm tra sức khỏe định kỳ là một ý kiến hay                     , dích vố kiểm tra sức quả định kỳ là mố ý kiến hai
chính sự lên sàn ồ ạt đó                                                , chính sử lên sang ồ ạc đó
kết quả chỉ có vỏn vẹn ba người còn biết dệt                            , khach quả chỉ có vỏng vạn ba ngời còn biết giệp
là tương đối có hiệu quả                                                , là tương đói có hiệu quả
phần lớn học sinh giàu có người nước ngoài                              , phần lớn học sinh giọc có người nước ngoài
không một hai ba bốn                                                    , không một hai ba ba bốn
hai mươi hai hai mươi ba                                                , haym yên hai m yên ba
hai mươi sáu hai mươi bảy                                               , hao � � � � � � � � �
ba mươi bốn ba mươi lăm                                                 , ba mươi vốn ba mươi lăm
năm mươi năm mươi mốt                                                   , nam mươi nam mươi mốt
năm mươi bốn năm mươi lăm                                               , năm mười vốn năm mười lăm
bảy mươi hai bảy mươi ba                                                , bảy mươi hai bảy bì ba
nói thật đấy à                                                          , nối thật têa
quá tốt rồi                                                             , quá tốt rồi
tôi chết cùng với ánh trăng                                             , tôi chất cùng với anh trang
đàn ông có hai thứ để buồn                                              , đại ông ai thứ để bồn
giàu đổi bạn sang đổi vợ                                                , giàu đối bạn sang đối vợ
án mạng trên toa tàu tốc hành                                           , ánh mạn rinh to tò tóc thành
làm rờm rợp biển mây lau lách phất phơ                                  , làm rằm rọp bị mây làu lất vất phơ
trứng mực quyến rũ các ngư dân                                          , chuẩn mặc quyến rỗ các ngừa dần
bạn có thể khiển trách người lái xe                                     , bạn có thể kiện trách người lái xe
loáng thoáng trăn trở loáng thoáng buồn vui                             , loan thoán trần trậy long thoán buồn vui
phòng trà khiêu vũ cánh quạt cối xay đỏ                                 , phốn phọng trà khi vụ kính quảt có xây đó
thịt ngọt lừ ấy lại mang theo trùng sán gây bệnh                        , thịch ngọt lự gái lại mang trồng sáng ngay bệnh
hiện trong nhiều loại tỏi có mặt trên thị trường                        , hện trong nghiều loại có mặt trên thị trượng
ngày căn bậc hai chỉ diễn ra chín lần trong một thế kỷ                  , ngày căn bật hai chị diễn ra chính lần trong một thấy kỹ
rồi rơm rạ khô theo thân hình gầy ngẳng                                 , rồi gom rạ khô theo thân hình gày dạc ngắn
để có thể vận hành chúng được hiệu quả hơn                              , đạt có thể phần hành doách chúng được hiệu quả hơn
được mỹ ráo riết tung ra                                                , được mấy ra khuyết tùng ra
vì lượng ca khúc mới quá nhiều                                          , về lựn ca khúc mới quá nhiều
nước chảy quá mạnh                                                      , nước chảy quá mạnh
khiến cả hai phải giận hờn vô lý                                        , khiến cá hai phải dạn hờn vô lý
rồi chìm lỉm một thời gian                                              , rồi chiềm lĩm một thời gian
khi miệng vẫn ngậm bầu vú quắt queo                                     , khi miệng vẫn nhậm mầu vú vớt quayo
câu trả lời của ông ta rất khiếm nhã                                    , câu trả lời của khỏo ông toàn rất khiếm nhả
nếu chủ đầu tư không tự phá dỡ thì bị cưỡng chế                         , nếu chủ độ trủ tư không tự phá giả thì bị cưỡng chấy
về chuyện đang theo dõi bọn gián điệp nước ngoài                        , về chuyện đang theo dỗi bộn gián nước ngoài
được cắt từ vỏ chăn bộ đội cũ của các ông bố ra                         , độ trất từ vỏ chần bộ đội cũ của các ông bố ra
sợ nhất là mùa mưa sấm sét đùng đoàng trên núi                          , sở nhất là mồ mười sống sát đụng đoạn trên núi
tức lấy sụn lành từ nơi không phải chịu lực ghép vào nơi hư             , tức lấy sụng lành tự nơi không phải chiều lực gáp vào nơi hư
điều vô cùng quan trọng trong thời đại có quá nhiều hoạt động           , đều vô cùng vang trọng trong trong thời đại có nhiều hoặc động
thí sinh tự do cần quan tâm đến độ vênh kiến thức các môn               , thí sinh tự do cần quan tâm đến độ vành kiến thức các môn
mỗi người chúng ta sẽ có những thứ khác nhau                            , mọi người chúng ta sẽ khó những thứ khác nhau
và thậm chí bạn cũng không nên cố gắng                                  , và khẳm khí bạn cũng không nên cô gắn
trên bầu trời ánh trăng sáng vằng vặc                                   , trên bồ trời ánh trăng sáng phần vặc
là tổ tiên của ông đặng lên đảm trách việc dẫn đường                    , là tổ tin của ông đặng lên đảm chất việt dẫng đượng
tám chín mười mười một                                                  , tam chính mười mười một
mười một mười hai mười ba                                               , mề một bì ham mề ba
năm mươi năm mươi mốt                                                   , năm mười năm mối mốt
chín mươi tám chín mươi chín                                            , chính mười tám chín mười chín
căn nhà đằng kia nghe nói có ma                                         , cân ngày đằng khi ngay nói cố ma
thú thật tui chưa từng chơi gái                                         , thuốc thật tù chưa từng chơi gái
xuân này em không về                                                    , xuong này em hông về
có còn hơn không                                                        , có cọn hơn không
chắc sắp tới thu xếp đi du lịch thôi                                    , chất sập tối tu xắp đi du lịch dựu rịch thoi
phương châm sống của tôi là người không vì mình trời tru đất diệt       , phương chăm sống của tôi là người không về mềnh chời chu đất diệt
nó trốn mất tiêu rồi còn đâu                                            , nó trốm ất tiều phải còn đâu
thế nào là hoàn hảo                                                     , thấy nào là ngoàn hạo hạo
khi bị công an thộp cổ khẩn cấp                                         , hì bị công an hợp cổ hản cấp
sau khi đọc những thông tin trên báo                                    , sau hỳ học nhấn thống kinh trên báo
nga khi ấy càng thìn nết na                                             , ngga hì ấy càng nhìn nất ngga
việc áp dụng cả bàn vá lỗi và công cụ quét                              , việc áp dụng cá bàn vá đỏi và công của qué
ngoài trời mưa cứ lay phay rắc hạt                                      , ngoài trời mưa tới đại phầy gắt hạt
nuôi mô hình tinh hoàn rồi tạo ra tinh hoàn với đầy đủ hình hài         , nguy mô hềnh kinh quaang ngồi cảo ga kinh hoàng với dài ở u hềnh hàng
có thể giúp ta quên đi những nỗi ưu phiền                               , có thể giúp ca quanh y những ngỏi u phiền
mà dung dăng nhé cầm tay đất trời                                       , mà dung doanh ngé cầm ca đất trời
tôi lớn lên trong sự ghẻ lạnh của người mẹ kế                           , côi giớ ngôn rên công sự gẻ lạnh của người mẹ kế
khung răng hàm trên khum                                                , hung nganh hàm kinh hung
thế nhưng tôi không ân hận khi trở thành đả nữ                          , hay nhận cuối thông ăn hận hì chở hành đã ngữ
với một tốc độ mà chúng ta không thể đi đến tận cùng của nó             , gối một cấp độ mà chúng ca hòng mẻ đi đến cận cộng của ngó
tôi thấy đồng lương của mình năm năm rồi vẫn đứng nguyên                , cũi thấy đồng đương của mình ngấm ngấm gồi vẫn hứng nguyền
để chấm dứt nạn bạo hành trong gia đình                                 , nỡ cấm giức ngạng bạo hành trong dàiện
làm đường sá ngập xắp xắp quanh năm suốt tháng                          , đạo được sá ngập sắp sắp quanh ngôm truyốc hén
vừa được trao tặng giải thưởng nhà nước                                 , vừa yệt là trao trạnh giải hữu nhà ngót
cái khó là                                                              , cái hóa
điều này đúng với mọi cấp độ và trong mọi lĩnh vực của đời sống         , đều ngày đống với mọi cấp ổ và công mọi ễn vực của của của của của của của của của của của của của của của của của của của của của của của của của của của của của của của của của của của của của của của của của của của của của của của của của của của của của của của của của của của của của của của của của của của của của của của của của của của của của của của của của của của của của của của của của của của của của của của của của của của củ
cao ngồng ngồng                                                         , cao ngồng ngồng
chàng trai lồm cồm bò dậy mặt mày xanh lét như tàu lá chuối             , trần trai đột cồm bồi dại mặt mà sanh đé như cảo áo chuối
chính phủ đồng thời cũng lập thêm cục xúc tiến tiêu thụ dầu cọ          , tinh phủ lòng hồi cũng lập hêm cộc suốt kén kêu hộ dầu cỏ
cũng là tin vui cho tất cả những ai                                     , cũng là kinh bui cho các cất cả những ai
hượm đã còn phải điều chỉnh                                             , hỗm nã còn vải yều chỉnh
trong tình thế ấy chỉ đám trẻ ven sông                                  , cong cịnh thấy ấy chỉ đấm trẻ ven song
nếu đi tiếp nha trang                                                   , nghĩu yê kếp nga trang
tức chanh có thể trị được bệnh                                          , tức canh có thể trị đột bệnh
chỉ muốn làm một hơi cho đã cái miệng                                   , kki chỉ muốn ngàm một hơi còi còi cái mẹn
hai mươi tám hai mươi chín                                              , hang mươi cám hang mươi chính
ba mươi ba mươi mốt                                                     , ba mười ba mười mốt
sáu mươi sáu mươi mốt                                                   , sám mười sám mười mốt
bảy mươi bốn bảy mươi lăm                                               , bảy mười bốn bảy mười đam
tám mươi bốn tám mươi lăm                                               , cám mươi bốn cám mươi dầm
chín mươi sáu chín mươi bảy                                             , chín mươi sáo chín mươi bảy
một trăm một hai ba                                                     , một trăm một hay bà
không hai bốn sáu tám                                                   , họng hài bốn sáu cám
tiền điện tháng này bao nhiêu                                           , kỳ nghiện hát ngày bao nhiêu
thua xa tiệm tạp hoá nhà tao                                            , huộ tra kỹm cặp hoa ngà cao
từ trên nóc nhà nhìn xuống có khác                                      , cự trân ngốc ngàn nhền xuống có hét
tội nghiệp đứa nhỏ không ai chăm sóc                                    , cọi nghiệp đướng nhỏ hong ai chăm sóp
em sợ có một ngày anh gặp người con gái khác tốt hơn em rồi anh bỏ em   , em sợ có một ngàn anh gặp người con gái thác có thân em gồi anh bỏi em
nữ diễn viên xinh đẹp phạm băng băng                                    , nởi dễn viên sinh đề phạm băng băng băng
sẽ làm giảm tình trạng ói ọc của trẻ                                    , sẽ làm tình trạng ói ối ốc của trẻ
mà phải che chái ở tạm bên hông nhà cha ruột                            , mà phải che cháy ở tạm bên hông nhà cha ra ruột
tôi có thể căm giận đủ thứ                                              , tôi có thể cảm dần độ thứ
mà phải chuyển qua hình thức giao dịch                                  , mà phải truyện qua hành thất giao dịch
đừng bao giờ để cho bất kỳ ai nói với bạn rằng                          , đền bao giàu để để cho bất kỳ ai nói với bản rằng
vàng óng đôi ghệt cao cổ của ngự lâm quân                               , vàng ấm đôi gạch cao cỗ của ngựu làng quân
nếu vì chúng tôi                                                        , néo vì chúng tôi
nếu bạn vẫn cảm thấy tội lỗi                                            , neo bạn phản cảm thấy tội lỗi
dãi dầu nắng gió trường sơn                                             , dải dòn nắng gió trường sơn
với trên là núi và dưới là sông                                         , với trên là núi và dới là sông
với sự xuất hiện của quái thú và rồng                                   , với sự xuất hiện của quái thú và rồng
nét mặt họ không ngời lên hạnh phúc của người mẹ                        , nét mặt họ không ngời lên hạnh phúc của người mẹ
một số người cho rằng                                                   , một số người cho rằng
một sinh viên được vay vốn tín dụng học tập                             , một sinh viên được vay vốn tính dọng học tập
mọi thứ đều được mổ xẻ lại                                              , mỗi thứ đèo được mỗi sẽ lại
không phải nắp khum                                                     , không phải nắp khôm
các công ty du lịch phải xác định                                       , các công tây dù lịch phải sắc đềnh
đi bộ leo núi đến nhừ chân                                              , đi bọ lèo nuối đến nhự chân
thì chủ đầu tư phải tự phá dỡ phần nội dung sai phép đó                 , thì chủ đầu tư phải tự phá giỡ phần nội dung sai phép đó
khi nhân viên cứu hộ cố gắng đưa nó lên sà lan                          , khi nhăng viện của họ cố gắng đừa nó lên sà lan
những người này đều được đào tạo về hội họa                             , những người này đều được đầu tạo về hỏi họ
gắn lông chim hột đá lóng lánh hay bèo dún tùa lua đầy cổ               , gắn lòng chim hột đá lóng lánh hày bèo dướng tồ lô đầy cổ
ngụ ấp hòn ngang                                                        , ngủ ấp họn ngang
ít nhất ở hơn ba mươi trường thuộc các địa phương nói trên              , ít nhất ở hơn ba mười trường thuột các để phương nói trên
đặc điểm của phẩy trùng tả                                              , đặc đặc điểm của phải trồng tả
vì ban đêm chị ngủ không ngon                                           , vự ban đem chịa ngủ không ngon
lơ lửng trên đầu là những chiếc bẫy đá hàng trăm khối                   , lờ lận trên đầu là nhận chiếc bảy đá hàng trầm khối
năm đầu tiên                                                            , năm đầu tiên
bảy mươi bốn bảy mươi lăm                                               , bảy mươi bốn bảy mươi lăm
chín mươi chín mươi mốt                                                 , chín mơi chín mơi mốt
chín mươi tám chín mươi chín                                            , chín mươi tám chín mươi chín
bây giờ cướp nhiều quá đi đường cũng thấy sợ                            , bay già cướp nhiều quá đi đường cũng thấy xợ
tìm hung thủ hiếp dâm bằng nước bọt nạn nhân                            , tem hôn thủ hếp dâm bằng nước bọt nạn nhân
chúng tôi yêu nhau được hai năm thì gia đình tôi xảy ra chuyện          , chúng tôi yêu nhau được hai năm thị gia đình tôi xấy ra chuyện
trọng tài phạt thẻ đỏ                                                   , trọng tài phạt thẻ đỏ
kiểu này chắc phải cắt giảm biên chế                                    , kkiểu này chắc phải cắt giảm biên chế
thôi thì cứ sắp xếp như vậy                                             , thôi thầy cử sắp xếp nhừ vậy
theo phó chủ tịch ủy ban an toàn giao thông quốc gia                    , theo phó chủ tịch quỹ ban an toàn giao thông quốc gia
chuẩn bị cho ngày khai trương cửa hàng đầu tiên                         , chuẩn bị cho ngày khai trương cửa hàng đầu tiên
từ sự dư thừa quá mức của luồng tiền này                                , từ sự dưa thờ quá mức của luộn tiện này
đó chứng tỏ rằng chúng ta đã già                                        , đó chứng tỏ rằng chúng ta đã dà
trả lại đất cho rừng                                                    , trả lại đất chồ rừng
các loại cây trồng ở rừng này toàn cây kém giá trị                      , các lội kỳ trồng ở rừng ngay toàn kỳ kém giá chị
thiếu sự quan tâm đúng mức từ các cơ quan chức năng                     , thất sự quan tậm đúng mớt tự các cơ quan chức nằng
tại chợ cá                                                              , tòi chợi cá
không phải vì tôi không coi trọng chất lượng                            , không phải về tòi không côi chọng chất lượng
thì đọc được hồi ký không thể chuộc lỗi trên báo tuổi trẻ               , thì đọc được hồi ký khồng thể chuột lỗi trên báo tuổi trẻ
thiếu tướng phạm quý ngọ cho biết                                       , thiệu tướng phạm quý ngọ chọ biết
không một chút trầy trụa mà đền cái gì                                  , không một chúc trầy trộ mà đền cái gì
nó được đặt trong một hộp đựng trang sức bọc da đỏ                      , nó được đặt công một họp đựng trang sức bọc giaa đỏ
nhóm thanh long trẻ diễn tiểu phẩm hài hắc bạch tranh hùng              , nhóm thành lòm trẻ diện tiệu phẩm hài hắt bật trành hùng
tớ đi kiếm nhà trọ rồi nhưng khó quá                                    , tối đị kým nhà trọ rồi nhừng khó quá
xanh cỏ mượt mà ven đường                                               , sân cỏ mượt mà ven đường
chính thức đã lây lan ra bên ngoài                                      , chính thức đã lầy làng ra bền ngoài
phụ huynh và học sinh đang phải è cổ vì sách giá cao                    , phố hình và học sinh đang phải à cỏ vì sắt giá cao
khi chính phủ lúc đầu đề nghị ân xá cho những người nổi dậy             , khi chính phủ lúc đậu đề nghị ăn xá cho những người nổi dạy
dưới ánh đèn mờ mờ ảo ảo                                                , dưới ánh đèn mờ mờ ảo ảo
trong cuộc bỏ phiếu tại hội đồng bảo an hai ngày trước đó               , trong cuộc bộ phiểu tòi hội độn bảo an hay ngày trước đó
hầu hết những vấn đề xảy ra trên thế giới                               , hầu hót những vấn đề xảy ra trên thới thới giới
ông được nhiều người biết đến                                           , ông được nhiều người biết đến
trả lời tôi biết                                                        , trả loi tôi biết
ịch gã to béo ục ịch                                                    , ịch gha tòa béo øt ở
áo rách lươm bươm                                                       , áo rất lùm bùm
đối với những phản ứng khác biệt đó                                     , đối với những phản ứng khác biệt đó
và đã hiến máu ba lần                                                   , và đã hiến máu bà loạn
tiếng hét đồng thanh của mấy chục con người                             , tuyến hét động thành của mé chục cô người
trang thứ hai của tờ báo                                                , tràn thứ hại của tồi báo
sau đó bà hàng xóm tính tình xởi lởi chạy qua kể với tôi                , sau đó bài hàng sóng tính tên sối lỗi chạy qua kể với tôi
ba mươi hai ba mươi ba                                                  , bha mươi hại bạo mươi bà
năm mươi hai năm mươi ba                                                , nằm mười hài nằm mười bà
năm mươi bốn năm mươi lăm                                               , nằm mười bổn nằm mười lầm
sáu mươi sáu mươi mốt                                                   , sau mười sau mười mốt
bảy mươi bảy mươi mốt                                                   , bảy mười bảy mười mốt
chín mươi bốn chín mươi lăm                                             , chín mười bổn chín mười lầm
một ba năm bảy chín                                                     , một bà năm bậy chín
bà con rang trí cành đào để chuẩn bị đón tết                            , bà còn tràng chí cạnh đạo để chuẩn bị đó tết
tôi không thấy gì là đúng khi tăng giá xe vào các dịp tết               , tôi khỏng thấy gì là đủng khi tăng giá xàe vào gác diệp tớt
du lịch sẽ trở thành ngành kinh tế mũi nhọn                             , dù lệch sẽ trả thần ngành kỳnh tế mỗi nhọn
từ khi chồng qua đời vì bệnh tật                                        , từ khi chọng qua đồi vì bệnh tật
đơn vị mình không nghe ai nói gì chưa hẳn đã tốt                        , đơn vị mình thông nghe ai nói gì chưa hẳng đã tốt
không ai được ngược đãi các em vì các em học chậm                       , không ai được ngược đã các em về các em học chạn
già làng nguyễn mạnh tường trả lời phỏng vấn báo giới ảnh trung dân     , da là nguyễn mảnh tường chả lời phẩn vấn báo giới ảnh trung dân
đó là giai đoạn thời tiết ít biến động và nhiệt độ không quá thấp       , đó là giai đoạn thời tiết ít biến động và nhiệt đổ không góa tháp
nhưng sau nghe con nói ra nói vào lại ác cảm với em                     , những sau nghe con nói ra nói vào lại ác cảm với em
những điếu thuốc vô ý đốt cháy vài chỗ trên chiếc sô pha bọc vải        , những đếu thuốc vừa ý đốt cháy vài trở trên chiếc sua pha bọc vải
bạn có thể tắt chương trình đó đi và thực hiện thao tác cuối cùng       , bạn có thể tắt chương trình đó đi và thực hiện thao tác cuối cùng
khắp nơi quanh chúng tôi vương vãi xác chết của người dân vô tội        , kháp nơi quanh chúng tôi vương vải sát chết của người dân vô trội
những chiếc lồng đèn đồ chơi việt vẫn lặng lẽ mang hồn việt xuống phố   , những chiếc lòng đoen đoen đồ chời việc vẫn lặng lẽ mang hoòn việc xuống phố
nhà văn nguyên ngọc sinh viên có quyền hoài nghi và tranh cãi           , ngò văn nguyên ngọc sinh ngò văn nguyễn nguyễn hoài nghi và tranh cải
cuộc thi còn có hai giải nhì ba giải ba và bốn giải khuyến khích        , cuộc thi còn có hai giải nhì ba giải ba và bốn giải khuyến khích
hầu như các phản ứng phụ nặng nề là rất hiếm gặp                        , họnh như các phản ứng phủ nặng nề là rất hiếm gặp
số tiền quá lớn khiến gia đình hương phạm và lê choáng váng             , số tiền qua lớn khiến gia đình hương phạm và lê chuấn váng
nhóc đỏ mặt tía tai nhóc thua chị một tuổi thôi đấy                     , ngóc đỏ mặt tía tay ngóc đỏ mặt tía tay ngóc thưa chị một tuổi thôi đáy
cảm giác được chia sẻ với bạn đời cùng sở thích thú vị lắm              , cảm giác được chi xẻ với bạn đời cũng sở thích thu vị lấm
tôi vào quầy giải khát đầu tiên và gọi một cốc nước cam                 , tôi vào quầy giải khác đầu tiên và gọi một cóc nước gòn
mẹ lần tay trong ví và lấy ra chiếc phong bì                            , mẹ lần tay trong ví và lấy ra chiếc phong bì
tiêu như phong chạy trốn khỏi kinh thành để tìm hung thủ thật sự        , tiu như phong chảy chốn khoái kinh thành để tìm hung thủ thật sự
có ngày các bác sĩ điều dưỡng mổ mắt cho hàng trăm người mù nghèo       , coi ngày các bác sĩ đều giữ mỗ mắt cho hàng chăm người mù nghèo
không ai muốn có tiêu cực cả và cũng đừng tuyệt đối hóa vấn đề          , không ai muốn có tiều cực cả và cũng đừng tuyệt đối hóa vấn đề
vợ hắn thị ngần mang lưới ra vá để chiều thả                            , vỡ hắn thị ngần mang lới ra vá để chiều thản
hiện cơ quan chức năng đang tiếp tục điều tra vụ việc                   , hiện cơ quan chức năng đang tiếp đuộc điều tra vụ việt
khi bị phát hiện họ đã trả lời như thế nào                              , khi bị phát hiện họ đã trả lời như thế
rà soát chất lượng công trình xây dựng trên cả nước                     , rha sát chất lửng công trình xây dựng trên cả nữuốt
không nản nghĩa tin rằng sẽ có một giải pháp nào đó                     , không nãng nghĩa tin rằng sẽ có một giải pháp nào đóng
mẹ cũng đã từng thống khổ tuyệt vọng và cô đơn như vậy                  , mẹ cũng đã từng thấn khỏ thuyệt vọng và cô đơn như vậy
hai loại văn này nên được coi trọng như nhau trong các kỳ thi           , hay loại văn này nên được coi chọng nghi nhau trong các kỳ thi
vậy mới có mục tiêu để mà phấn đấu nên người có ý thức                  , vậy mới có một tiều để mà phấn đấu nên người có ý thế
tại đây có một ông trưởng phòng nhân sự công ty                         , tấy đấy có một ông chuyển phồng nhấn sự công ty
chỉ một điều đơn giản vậy mà anh ấy không bao giờ thực hiện được        , chỉ một điều đường giản vậy mã anh ấy không bao giờ thực hiện được
chẳng cần nhìn về phương tây quê hương của hàng hiệu                    , chấn cần nhìn về phương tay quy hương của hàng hiệu
mùa đông cả cánh đồng chuyển sang một màu vàng rực                      , o'donir các cánh đồng chuyển sang một màu vàng rực
tôi học cùng với các anh chị làm việc chuyên về sản xuất phần mềm       , tôi học cùng với các anh chị làm việc chuyên về sản xuất phần mềm
có lẽ đây là lời quảng cáo không công hay nhất cho du lịch lào          , có lẽ đây là lời quản cáo không công hay nhất cho dưu lịch nào
từ đó đến nay gia đình chị vẫn sống trong căn nhà lụp xụp               , đự đó đến nay gia đình chị vẫn sống trong căng nhà lực sự
bạn cần trung thực với nhân viên của mình trong mọi hoàn cảnh           , bạn cần chung thực với nhân viên của mình trong mọi hàng chứ
một số điểm nước phun đến đâu bay hơi hết đến đó                        , một số điểm nước phung đến đau bay hơi hết đến đây
do vậy vấn đề khu trú khống chế bệnh tả hiện nay rất khó                , do vậy vấn đề khu chú không chế bệnh tả hiện nay rất không
đó là câu hỏi mà đến nay vẫn chưa có câu trả lời                        , đó là câu hỏi mà đết nay vẫn chưa có câu chả là
hà nội mở rộng khu vực hồ tây sông hồng nên là khu vực tĩnh             , hà nội mở rỗng khu với về khô tay song hồng nên là khu vực tỉnh
biên chế này nhà thanh gọi là an nam quốc nhạc                          , biên chế này nhà thanh gọ là anh nam quốc nhẹt
hơn là dẫn dắt các em theo chủ ý của giáo viên                          , hơn là dấn giắc các em theo chủ uy củi do viên
bạn có thể tham khảo một sơ yếu lý lịch điện tử sau đây                 , bạn có thể tham khảo một số xơi đi lịch điện tử sau đây
nhạc sĩ la hối với ca khúc xuân và tuổi trẻ                             , nhạc sĩ la hối với các hút xuân và tuổi trẻ
vậy ai sẽ chịu trách nhiệm về những trường hợp này                      , về ai sẽ chị chất nhiệm về những trường hợp này
tuy phía trước còn vô và khó khăn đối với con                           , tri phé triệt cốn vô về khoa hằng đối với còn
bốn năm trời bị câm một mình với bóng mình nhiều phen òa khóc           , gũn năm trời bị cam một mình với bóng mình nhiều phen ạc khóc
em sợ mất anh ấy nhưng lại cảm thấy mình bị xúc phạm                    , em sở mất anh ấy nhường là cảm thay mình bị xúc phạm
trò đùa đối với thầy nhưng lại là chân thật chân thật với một người     , cho đùa đối với với thải nhưng lại lại là trân thoật chân thật với một người
đó là nhận xét chung của nhiều tổng giám đốc điều hành ngày nay         , đó là nhận xét chung của nhiều tổng giám đốc điều hàn nghề nay
người pháp đã đồng ý với cách quản lý lĩnh vực dành riêng               , người phép đã đồng uy với cách quản lý lĩ lĩnh vực dành riêng
hắn thay đổi lầm lì sau khi theo gia đình đến xứ người                  , hắn thầy đỗ lầm lùy sau khi theo gia đình đến sứa ngồi
yếu tố hấp dẫn mới thu hút đầu tư nước ngoài vào việt nam               , yếu tố hấp dọng mới mới thủ hút đầu tự nước ngoài về việt nam
vậy mà giờ đây nó không đợi được đến lúc huy về                         , về mà giờ đây đầy nó không đỡ được đến lúc huy về
một góc câu cá trên cầu sài gòn ảnh mai vinh                            , một góp câu các trinh cầu sài gọn ảnh may vinh
một vài người trong bọn họ đưa mắt nhìn mảnh giấy                       , một vài người trong bọn họ đứa mắt nhìn mảnh giấy
nhưng trước đây nhìn từ bên ngoài nơi này không khác một căn nhà hoang  , truyệt đang nhìn từ bên ngoài nơi ngôi nời này không hát gì một căn nhà hoa
có nhưng phải là thuốc đặc trị của pháp hiếm và cực kỳ đắt              , có nhung phải là thuốc đặc chị của pháp hiếm vực kỳ đất
một số bạn trẻ cũng có ý nghĩ như cao cường                             , một số bạn chỉ cũng có ý nghỉ nhiêu cao cườn
tôi đã có thời gian tuyệt vời khi chơi cho đội tuyển                    , tôi đã có thời gian tiệc vời khi chơ cho đổi tuyển
thỉnh thoảng con đi qua dừng lại dựng xe ngồi hút thuốc                 , thỉnh thảng con đi qua dựng lại dựng sẻ ngồi hút phuốc
chú bộ đội qua những câu chuyện của ông mới gần gũi làm sao             , chuốc bộ đội qua những câu truyền của ông mới gần gũi làm sau
ăn cá ngừ cá thu và cá mòi với rau trộn                                 , anh cả ngự các thu và cá mọi với rấu chỗn
có bằng thạc sĩ những ngành trên là một lợi thế                         , có bằng thạc sĩ nhưng ngành trên nàm học loại thế
minh nhật hồng quân vũ công thành sưu tầm từ báo nước ngoài             , minh quân họng quân vũa công thành sư tập từ báo nước ngoài
muốn có bằng lái phải qua một đợt thi rất khắt khe                      , vũng có đặng ấy phải qua một được thi đức khác khe
yêu nhau khoảng vài tháng thì chúng tôi đã có quan hệ tình dục          , yêu nhau khoảng vài tháng thì chúng tôi đã có quan hề nghề
khó sao duyên dám cho anh uống rượu trong đám cưới                      , khoa sau dùyên giám chành uốn rụ trong đám cưới
ông dương đức lân phó tổng cục trưởng tổng cục dạy nghề                 , ông dương đước lân phó tậm cục trưỡng tập cũng dạy nghề
đối xử với bạn như người yêu cũ của bạn đã từng làm                     , đối sử với bạn như người yêu của của bạn đã từng làm
tham gia thiết kế lăng chủ tịch hồ chí minh thì có nhiều người          , tham dà thiết kế lăng chủ tịch hồ chứ mình thị có nhiều người
vì vậy công ty b phải có trách nhiệm bồi thường                         , về vậy công ty bê phải có trách nhiệm bồi thường
nông dân trồng mía than cứ một vụ được lại ba vụ thất                   , nong dân trọng mấyết hang cứ một vụ lại được ba vụ thức
thì người xem cũng được nâng cao kiến thức về địa lý                    , thì người sem cũng được nâng cao kiến thất với đị lấy
ngày xưa các cụ làm bìa sách là minh hoạ cho cuốn sách đó               , ngày xưa các củ làm bị sách là minh hạ cho cuốn sách đó
tôi đã nhiều lần phản đối quyết liệt việc nước thải tuồn ra ngoài       , sối đã nhiều luận phản đối quyết liệp việt nước thải tuốn đam ngoại
nhiều gia đình hiện nay thích tự giới thiệu chương trình                , nhiều gia đình hiện nay hích tử giễ thịu trung trình
tôi là một người miền tây đang là nghiên cứu sinh ở mỹ                  , tôi là một người miền tay đen là nghiên cứu sinh ở mễ
càng đi sâu vào bên trong cảnh trí thiên nhiên càng hùng vĩ             , kỳ đi sau và bình trong cảnh chứ thiên nhiên càng hụng vỹ
mong bạn bình tâm suy nghĩ và chọn được cách giải quyết tốt nhất        , mong bạn bình tâm sự nghĩ vào chọn được cách giải quyết tốt nhấp
điều này khó hơn khi bạn vào bàn tiệc toàn người xa lạ                  , điều này khỏ hơn khi bạn rồ bạn tịa toàn ngời sa lạ
cũng đều trong tư thế ngõ nhỏ phố nhỏ phở tôi ở đó                      , cũng đều trong từ thể ngó phố phố nhỏ phỡ tôi ở đó
thành một chiếc lồng đèn khổng lồ tại công viên ở thủ đô bắc kinh       , thấn mồ chết lòn nèn khổng lồ tại cong viên ở thủ đố bắt kinh
câu chuyện của quá khứ ông kể không biết bao nhiêu lần                  , cơ cho tràn của qua qua khứ ông cải khống biết bao nhau làn
màu son trông thật tuyệt trên bất kì màu da nào                         , một son trong thịa chấy bất kỳ mầu gia nào
ông ăn chay mà nghĩ mặn thì ăn chay làm chi                             , ông anh chay mạng ủy mạnh thị anh chay làm chiết
trên cơ sở đó những hành vi vi phạm sẽ được xử lý nghiêm                , chchen cơ sợ đó nhấn hàn viên vi phi phạm sẽ đợt sựa lý nghiêm
một cơ quan chính thức để khách hàng khiếu nại tham khảo và tin tưởng   , một cơ quan chiến thức đã khác hàng khi�a nại tham khảo và tiến tượng
một tình huống ứng xử sư phạm tôi làm bộ tỉnh rụi được cô duyệt         , một tiện hướng hướng ứng sự sư phạm tôi là một tịn ruội được của xuốt
chẳng lẽ ăn cơm nhà người mà lại không chăm chú lắng nghe người nói     , chấn léanh cơm nhà ngơi mà lại không chấm chủ nắng ngang người nổi
nghĩa là nếu bạn đang làm việc dưới quyền một giám sát viên             , nghĩa là nễu bạc đang làm việc giễ quyền một sảm xa viên
kẽm có nhiều trong gan sò thịt đỏ cá óc trứng                           , kẻm có nhiều trong can sò tiệt đỏ cá óc chứng
ung thư từ một cơ quan khác di căn vào hệ thống hạch bạch huyết         , ông thư từ một cơ quan khác can vào thố em thống hay khoe bài khuyết
cuộc thi tự hào sử việt đã hết giai đoạn i                              , cuộc thi tự lạo sự vệt đã hế xa đoạn
cuộc biểu tình của áo đỏ có thể sẽ biến thành bạo lực                   , của biệt triền của áo đỏ có thể sẽ biến than bảo lực
trên thực tế một cuộc điều tra đã được tiến hành                        , channh thực tẻ một cuộc điều tra nã đơc tiển hạn
trải dài hàng chục cây số đều thu gọn vào tầm mắt                       , chảy giài hàng chục cây số đào thua gọn vào tài mắt
thản nhiên giá đó thì chỉ có thể làm vậy thôi                           , thao chiếc giá đó thì chỉ có thể làm vậy thôi
bắt đầu cuộc chạy đua mùa kinh doanh tết giữa bánh nội và bánh ngoại    , bác đầu cuộc chạy đua mùa kinh doan té sửa bản nối và bản ngoại
cái nhà hát bị đập tan tành ông khoái lắm à                             , cái nhà ha bị đập tanh tàn ông khoái lấm à
mâm cơm vẫn thanh đạm tủ áo của vợ cũng chỉ vài bộ đơn sơ               , mamm cơm vấn than đạm tủ áo của vào cũng chỉ vầy với đết giờ
hình thức kỷ luật nào cũng chỉ có tính định hướng răn đe                , hình thất kỷ luật nào cũng chỉ có tiếng điện hướng ranh đéa
hiện nay bà đang bị nhiều bệnh và sống dưới mức nghèo khổ               , hiện nay bà đang bị nhiều bạn và sống giới mức ngào hỗ
nằm trên giường gần cả tháng bất giác tôi cảm thấy mình thật cô độc     , nam chay giờ gờn gọn cả thản bất chờ tôi cảm thối mền thật cô độc
nhảm nhí khi giờ học chán phèo buồn ngủ quá ờ buồn ngủ                  , nhậm dễ khi giờ học chản phèo buồn ngộ quá ở buồn ngủ
nói chuyện một hồi ông làm bộ để tay lên tay em trên cần số             , nộ trên bộ thời ông là bộ để tay len tay em trên cần xuỗ
còn anh trai tôi trong nhật ký của mình cũng linh cảm điều đó           , còn anh cháy tôi trong nhật kiểu của miền cũng liên cảm điều đó
sáng chúng tôi tạm biệt thung nai và những chủ nhân mến khách mộc mạc   , sáng chuống tôi tạm biệt thung nay vài những chủ nhaunh mẹn khác đột mà
mấy ngày đầu thúy hà phải nhờ kim dẫn đi giới thiệu trường              , mản ngày đầu thủy hà phải nhờ kim giảnh đi giữ thiếu trường
họ thích nghi với văn hóa công ty như thế nào                           , họ thiêng nghi với vanh hóa công ty như thể nào
mô hình cấu trúc chức năng và khoa học xã hội mang tính giáo dục        , mâu hiện cố chuốt chất năng và khoa học sả hội ban tiễn giảo dột
và bạn cần có việc làm ổn định với thu nhập cao                         , và bạn cần cổ việc làm ổn đẹn với thuối nhập cao
đây là tháng có số đăng ký thấp nhất từ đầu năm đến nay                 , đây là thản có số đang kỹ thấp nhất từ đầu nam đến nay
thật ra thì cũng không thể làm cầu kì như ở nhà được                    , thật ra thì cũng không thải làm cầu kỳ nhớ ở nhạ được
vả lại theo quy chế đây là trách nhiệm của mỗi thí sinh                 , phải lại theo kiao chế đây là chấn nhạm của mỗi thi xin
công nhân đang thi công hai nhánh cầu rạch chiếc ảnh thuận thắng        , cóm nhân đang thia công hay nhắng cầu rạt chiết ản thuận thấn
họ không biết chơi phòng ngự là gì trừ khi bị đối thủ vây ép            , họ khống biết chơi phong ngực là gì chừ khi bị đổi thủ vay áp
cuối cùng họ dẫn nhau về nhà với thúng làn không                        , cuối cùng họ giễnh nhau về nhà với thống làn không
phim mới của trương nghệ mưu sự trở lại dòng phim nghệ thuật            , phim mới của trơn ngại mơ sự chợ lại dòng phim ngại thọt
còn hàng trăm chiếc khác đã bán thì ông không nhớ hết                   , còn hạo cham chất hắt đã bán thì ông không nhữ hết
cùng vợ ăn vội chén cơm thành lại lo ôn bài làm bài tập                 , cũng vợ ăn vộ chén côm thành lệ lo ôm bài làm bài tập
đội nào thành tích càng cao thì quản lý càng khó                        , đội nào thành tích càng cao thi quản lý càng khó
phải chăng xây dựng niềm tin vào tình yêu khó thế                       , phải chang phay dận niềm tin vào tình yêu khó thế
còn ba cầu thủ văn trương bật hiếu và hải lâm thì sao thưa ông          , còn bạc cầu thủ văng thước bật hiếu và hại làm thì sao thư ông
tháng bảy nhiều người con khóc nên trời buồn và khóc theo               , tháng bảy nhiều người con khóc nên trời buồn và khóc theo
ca khúc được khán giả yêu thích nhất bà tôi nguyễn vĩnh tiến            , ca cúc được hát giả yêu thích nhất bà tôi nguyễn vịn tiếng
đầu tư tiêu dùng và xuất khẩu đều sẽ tăng mạnh                          , đầu tư tiêu dùng và suốt khẩu đều sẽ tăng mạnh
đồ cổ không công khai nguồn gốc phải bị coi là hàng giả                 , đồ cổ không công khai nguồn gấp vẫy bị coi là hàng giả
từng là chủ tế hàng trăm lễ an táng mộ gió                              , từng là chủ tế hành trăm lạ ăn tán mộ gió
hình như không có cả một trong hai tài và đức                           , hình như không có cả một trong hai tài và đức
bên cạnh đó chúng tôi còn làm hàng loạt việc khác như                   , bên cạnh đó chúng tôi còn làm hàng lạc việc khác như
chúng nó yêu nhau rất tự nhiên ghét nhau cũng rất tự nhiên              , chúng nói yêu nhau rất tự nhiên ghét nhau cũng rất tự nhiên
tất cả để cho người bệnh và thân nhân hài lòng khi đến bệnh viện        , tất cả để cho người bệnh và thân nhân hài lòng khí đến địn viện
tôi khẽ chớp mắt và thầm cầu nguyện xin chúa giúp con                   , tôi khẻ chấp mắt và thầm cầu nguyện sinh chú giúp con
lúc hưng phấn nói chuyện phóng lao chẳng có chi phức tạp                , lúc hơn phấn phấn nói chuyện phóng lao chận có chuy phức tạp
sẽ làm chúng ta ngủ không đủ không đúng quy luật                        , sẽ làm chúng ta ngủ không đủ không đúng quy luật
có bao giờ ông gặp tình huống không trả lời được câu hỏi của dân        , có bao giờ ông gặp tình huống không trả lời lời được câu hỏi của dân
cả đời chưa bao giờ tôi có cảm giác sung sướng như vậy                  , cá đời chứ bao giờ tôi có cảm giác xuống xướng như vậy
ít có cơ hội sống sót cho các hành khách trên máy bay                   , ít có cô hộ sống sót cho các hành khách khách trên mấy bay
trung quốc đưa ra hình phạt cụ thể đối với tội tham nhũng               , trung quốc đưa ra ra hình phạt cụ thể đối với với tổi tham nhũng
hai cháu ngạc nhiên đón khách lạ sung sướng ôm cặp mới                  , hanh cháu ngạc nhuyên đón khách lạ xung phiến ông cặp mới
nhưng cô quyết chứng minh người mù không phải vô dụng                   , nhưng cô quyết chứng minh người mù không phải vô dụng
họ đã trao nhau lời hẹn ước nên duyên chồng vợ                          , họ đã trao nhau lời hiện ước nên nguyên chồng vợo
nếu thỉnh thoảng có vài ngày nghỉ người thụy điển thường ra đảo chơi    , néo thỉnh thoảng có vai ngày nghỉ người thự điển thường ra đảo chơi
những người cô lập mình có thể gặp phải chứng trầm cảm hoặc lo lắng     , những người cô lập mình có thể rập phải chứng trầm cảm hoặc lao lắng
thực tế vai trò của bạn và người phỏng vấn đối chiếu nhau               , thuật tế vai trò của bạn và người phỏng vấn đối chiếu nhau
sự giúp đỡ của bà là vô cùng quí báu cho chúng tôi                      , sự giúp đỡ của bà là vuột cùng quý báo cho chúng tôi
nhà trường đột ngột hủy đề tài khiến tôi mất phương hướng               , ngà trường đột ngột hủy đề tài khiến tôi mắt phương hướng hướng
các phật tử hưởng ứng lời kêu gọi của thầy như thế nào                  , các phật tử hượuợng ấn lời kâu vỏi của thầy như thấy nào
vậy những đối tượng này sẽ được giải quyết như thế nào                  , vài những đối tượng này sẽ được giải quyết như thế nào
xen kẽ giữa những màn biểu diễn là những phút vui chơi tập thể          , sang kể dựa những màng biểu diễn là những phút vui cho tập thể
sáng ra thấy dân tình xúm quanh con tê giác khổng lồ đã chết            , sáng ra thấy dân tình súng quanh con tê giác cổng lù đã chết
và một điều sâu xa là mình đã thật sự yêu bạn                           , và một điều sau xa là mình đã thực sự yêu bạn
nhiều hôm mưa gió bán ế gánh chè nặng trĩu trên vai mẹ                  , nhiều hơn mưu gió bán ế gánh chèn nặng triệu trên vai mẹ
phía dưới và xung quanh kệ là nước bẩn lênh láng chảy qua               , phí dưới và xung quanh kể là nước bỏn lên lán trải hoa
tôi đứng trước hai lối rẽ và tôi chọn con đường ít người đi hơn         , tôi đứng trước hai lốt rẻ và tôi chọn con đường ít người đi hơn
chúng tôi đã điều tra những trường hợp có nghi vấn gian dối             , chúng tôi đã điều tra những trường hợp có nghi vấn giũi
vậy chừng nào mới tới xin lỗi nhân dân tập cuối                         , vậy chừng nào mớt tối phin lỗi nhân dân tật cuối
hôm nào tan ca sớm hạnh được giao nhiệm vụ đi chợ cho bữa tối           , hôm nào tan ca sốm hạnh được do nhiệm vũ đi chờ cho buổi tối
vào được nhà anh đấy sửa cửa đi nguy hiểm đấy                           , vào được nhà anh đấy dự của đi người hiểm đấy
rồi mặc dù biết là ngớ ngẩn tôi cứ nói ra                               , rồi mặn dù biết là ngớn ngọn tôi cứ nói ra
riêng ông nguyễn văn ba bị gỗ đè dập sọ não chết ngay tại chỗ           , ghiên ông nguyễn văn ba bị rỗ đè dập sọ nạo trất ngay tải chỗ
mỗi người nở một nụ cười với những ý nghĩa khác nhau                    , mỗi người nỡ một nủ cười với với với những ý nghĩa khác nhau
do vậy sẽ ảnh hưởng tới việc thu sóng vô tuyến                          , doa vảy sạn hưởng tới việt thu sống vồ tuyển
phim chiếu nguyên bản tiếng pháp có phụ đề tiếng việt                   , phim chiếu nguyên bạn tiếng pháp có phủ đề tuyến việc
bóng màu xanh là vùng tâm bão có thể đi qua                             , bóng một sanh là vùng tâm bảo có thể đi quan
sau một ngày lao động căng mệt bạn ưu tiên chọn                         , sau một ngày lao động căng mờt bản ưu tiên chọn
hà cũng chẳng nhớ mình có nói hay không để cãi lại ông ấy               , hà cũng chận nhớ mình có nói hay không để cả lại ông ấy
bản thân tôi cũng tham gia một vai rất nhỏ nữa                          , bản thân tôi cũng tham gia một vai đất nhỏ nữa
hôm sau mở máy thấy cái truyện đã tự hoàn chỉnh rồi                     , hơm sau mở máy thấy cái chuyển đã tử hoàn chỉnh rồi
bây giờ thì đáng được khen là thông minh chứ hả                         , bị giờ thị đáng được hen là thông minh chứ hản
chị tìm nhà cho em ở trọ ngay cổng trường chị học                       , chỉ tìm nhà cho em ở chọ ngay cổng trường chỉ học
đến đà lạt bạn phải chuẩn bị đôi chân để đi bộ                          , đến đa lạc bản phải chuỗng bị đôi chân để đi bộ
họ được bọn đầu nậu những tay trùm thuê với giá rẻ mạt                  , họ được bọn đầu nậu những tây trồng thuê với giá rễ mạc
một bà sang trọng đến gặp bác sĩ trẻ khám bệnh bác sĩ hỏi               , một bà sang chọng đến gọc bác sự chẻ khắm bệnh bác sự hỏi
nhân lực ngành thiết kế đồ họa đắt giá và khan hiếm                     , nhưng lực ngạnh thiết kế đồ hỏa đắt giá và khang hiế m
sau đó bản thân học sinh phải làm đơn xin học bổng                      , sau đó bản thân học sinh phải làm đơn sinh học bọng
chỉ có thực phẩm mới giúp bạn làm được việc này                         , chỉ có thực phẩm mới giúp bản làm được việt này
với các dát màu cà phê sữa không cần điều trị                           , với các giác mậu cả phê sựa không cần đều trị
họ bảo tôi giống người hàn thì tôi lại thấy họ giống người việt         , họ bảo tôi giống như người hàng thì tôi lại thấy họ giống người việc
và đội tuyển pháp đang là đội chiếm ưu thế hơn so với thụy sĩ           , và đổi tuyển pháp đang là đội chím u thế hơn so với thuổi sĩ
trình độ chuyên môn của cô khiến cô quá thừa tư cách                    , chình đổi chuyên môn của cô khiến cô quá thừa từa cấp
những câu hỏi trên sẽ giúp bạn làm được điều này                        , những câu hỏi trên sẽ giúp bạn làm được điều này
vẫn còn nhưng bạn không dám chắc họ có hạnh phúc hay không              , vựng còn nhưng bạn không giám chất hỏ có hạnh phúc hay không
đó cũng là sự tiếp xúc gần gũi nhất của bọn em                          , đó cũng là sử tuyếp xúc gần gủa nhất của bọn em
em hãy tỉnh táo mà tìm những định hướng tốt hơn cho tương lai           , em hạy tịnh táo mà tìm những định hướng tốt hơn cho tương lai
nhưng chẳng có điểm sản xuất nào dùng bạt phủ che chắn                  , nhưng chận có điểm sản xuất nào dùng bạc phụ che chấn
có mấy người đụng phải nó suýt ngã chúi xuống đường                     , có mán người đụng phải nó suốt ngại chúi xuống đường
đoàn đi thuyền đến một khu làng dân tộc thiểu số                        , đoàn đi thuyền đến một khu làng nhưng tộc thể số
thì hợp đồng thế chấp này cũng không có giá trị pháp lý                 , thì học đồng thấy chấp này cũng không có giáo chỉ pháp lý
ba tôi hãnh diện nói chuyện với số học sinh cùng lên xe đò              , ba tôi hảnh diễn nói chuyển với số học sinh cũng lên xe đò
một anh trai tuấn đang ngồi tù vì tội giết người                        , một anh trai tuấn đang ngồi tù vì tổi diết người
được bày trên những bệ thờ bên cạnh những bó sen huệ thơm nức           , được bầy trên những bẽ thờ bên cảnh những bóa sen hỏe thông phức
các bước sau đây sẽ giúp bạn tìm ra ứng cử viên thích hợp               , các bước sau đây sẽ giúp bạn tiềm ra ứng cử viên thích họp
vì chúng có thể làm răng của bạn dễ bị ố vàng                           , vì chúng có thể làm răng của bạn dễ bị ổ vàng
giải nhất huy chương vàng thuộc về nhà nhiếp ảnh của cộng hòa séc       , giải nhất huy trưng vàng thuộc về nhà nhấp ảnh cuộc cổng hoa xét
để xin thị thực công tác về cơ bản bạn phải có                          , để sinh thỉ thực công tác về cơ bạn bạn phải có
tôi nắm bàn tay xưa ba tôi từng thương yêu đau xót cầm giữ              , tôi nắm bạn tay sưa ba tôi từng thư tôi nâu soc cầm giữ
trong dòng thác người chỉ nhìn được mắt kính và khẩu trang              , trong dòng thác người chỉ nhìn được mất kính và khẩu trang
khai mạc triển lãm quy mô lớn về tranh sơn mài việt nam                 , khai mạc chuyện lạm vuy mua lớn về tranh sơn mài việt nam
không nên chỉ dựa vào bài viết của bạn để thuyết minh thêm              , không nen chỉ giễ vều vào bài viết của bạn đẹt rít minh thêm
và giáo dục con người trở thành việc luyện trí nhớ                      , vài giảo dục có người trỗ thành việc luyện chỉ nhớ
tuy nhiên hợp đồng này chỉ có giá trị trong những ngày bình thường      , then thanh yên hợp đồng này chỉ cọ già trị trong những ngày bình thường
vấn đề đặt ra ở đây là làm thế nào để                                   , vựnh đề địch ra ở đây là là làm thị nào đễ
nhưng nhiều du khách thấy thất vọng khi lên đến nơi                     , nhưng nhiều du khách vận thảy tấp vọng khi lên địn nơi
trên mặt ai cũng có khăn tay khẩu trang che miệng                       , chai mặt ai cũng có khanh tay khậu trang che miệng
càng ngày mình càng nghĩ nhiều về công việc giảng dạy                   , căn ngay mình cần nghĩ nhiều về con việc giản giải
tất nhiên hóa đơn tiền nước cũng kèm luôn khoản tiền                    , tách nhinh hạ đôn tiền nước cũng kèn theo luôn khoản tiền
chúc bạn đọc có thật nhiều thời gian thư giãn thoải mái                 , bạn đọc có thật nhiều thời gian thu giản thoải mại
hàng chân mày đen và xếch không lẫn vào đâu được                        , hạng tranh mầy đen và sách không lệnh vào đâu được
cả ngày trời không nắng gió lạnh nên thưa vắng du khách                 , ngày trời không nặng gió lạnh nên tưa vẫn du khách
làm được hết khối công việc ấy là một nỗ lực rất lớn                    , lực hết khỏi công việc ấy là một nỗi lực rất lớn lực rất lớn
người ăn xin thưa bà ngày thường thì bà cho gì cũng được                , người anh xin tưa bà ngày thường thì bào cho gia cũng được
bạn không bao giờ ra ngoài mà không dùng kem lót                        , bạn không bao giờ ra ngoài mà không dùng kem lót
vài lần triển lãm tranh tượng không lời như thế hắn sẽ nhận ra          , vài làn triển làm tranh tuạn không lời nhea thấy hãnh sẽ ngạn ra
người đàn ông trên giường thình lình rên lên một tiếng rồi mở mắt       , người đành ông trên dường thình lình rên lên một tiững rồi mở mắt
tối qua người ta đến bắt tôi giữa đêm hôm khuya khoắt                   , tối qua người ta địn bắp tôi giữa đem hôn khuya khoách
bảo thằng quyết nó bắt con gà sống nâu mà thịt                          , bảo thần thận quyết nọa bắt con rào sống nâu mà thịp
vị bác sĩ hiền lành ấy có những lý thuyết trồng cây thật thú vị         , vị bắt sĩ hiện lành ấy có những lý chuyết chồng cây thịt thịt thị thựu vị
những kiểu vết thương mà trẻ thường mang theo có thể là gì              , một kiểu bít thương mà chảy thương mang theo có thể là gì
xin với mẹ cho đi cai tập trung sau một năm bạn trở về nhà              , xin về mẹ cho đi cai tập trung sau một năm bạn trở về nhà
đầu tiên là một tấm âm bản sau đó mới đến dương bản                     , tia là một tấm ôm bản sau đồ mời định giưng bản
mấy ngày nay chúng tôi đã tịch thu được khá nhiều gà chết               , nhạc nay chung tôi đã tịch thu được khảnh nhều gạch chết
hiển nhiên không ai muốn xuất hiện bên cạnh một người như vậy           , nhanh không ai muốn suất hiện bên cảnh một người như vậy
hình ảnh quảng cáo điếu thuốc điện tử được công ty t                    , hình ản cần cảo điều thuốc điện tửa được công ti
kiểu hài dung tục vẫn cứ lềnh khênh ở một số tụ điểm                    , khiệu hay dung tục vền cử làn khình ở một số tủ điểm
mời tham dự cuộc thi viết ngắn một giờ không điện                       , mời tam giữ cuộc thi viết ngắn một giờ không điện
lần đầu tiên một nhân viên người việt thách thức việc tác nghiệp của tôi, lẽn đầu tiên một nên viên người việt thấp thất việc tất nghiệp của tôi
lúc đó chị tưởng làm như vậy cũng làm má vui                            , đúc đó chỉ tự ởng làm như với cũng là mã vui
ngồi nghe tiếng biển và thư thả đếm từng giọt đen rơi                   , người nghe tiếng biện và thư tả đếm từ giọt đen rơi
muốn công nhận ngay pha bóng ấy thì phải sửa luật                       , mỗn công nhạc ngay pha bọng ấy tì phải xửa loch
quản lý nhà nước về giao thông vận tải đô thị                           , khoản lị nhà nước về giao thôn vận tại đô thị
sau đó họ lân la sang chơi rồi đánh cắp đứa bé                          , sau đỏ họ lên la sang chơi rồi đánh cấp đửa bé
anh nhơn bảo tôi về trước còn anh đi theo cô gái                        , anh nhoên bảo tôi về trước còn anh đi theo cuo gái
trước hết bạn cần tìm hiểu thông tin quy hoạch khu đất                  , chuyệt hết bản cành tìm hiểu thông tin quy huật khu đất
những sản phẩm giúp nở ngực và tan mỡ cấp tốc ảnh yến trinh             , những sản phẩm giúp nỡ ngực và ta tan mỡ cốc tốt anh hệ đẻn yến trinh
phóng sự ảnh những màn biểu diễn ngoạn mục trên bầu trời                , phống sự anh những mang biểu giản ngoặn một trên bồ trời
nhưng cuối cùng chẳng ai chịu nổi cái tính ham vui của tôi              , ngguối cùng chận ai chịu nội cải tin hăm vui quối tôi
kiểm tra trung tâm này công an đã bắt giữ tới                           , lạp cho chung tôm này công anh đã bắt dự tửi
hoa phượng vẫn nở đỏ trời trong tiếng ve xao xác khôn nguôi             , hav vừng vận nở chời trong tiện ve sào sắc khoôn nguyên
từ đó lại sa đà vào nhiều nghịch cảnh đáng tiếc                         , tự đó lại xa đà vào nhiều nịch cảnh đáng tiết
mong anh hãy hiểu cho em em thương nhớ và yêu anh nhiều                 , mong anh hịu cho em em thương nhớ về yêu anh nhiều
lên các cuộc hẹn phỏng vấn và thực hiện phỏng vấn                       , lên các quột hẻn phóng bóng và thực hiện phóng phóng
xét ở khía cạnh này thì đúng là mất bò mới lo làm chuồng                , xét ở khiếc cảnh này thì chị đúng là mắt bà mới lao làm chuồn
tuy nhiên tôi nghĩ cậu ta xứng đáng với chức vô địch                    , tùi nhiền tôi nghĩ cậu tay xứng đáng với chức vô địch
những biến dạng này thường thấy rõ khi dương vật cương                  , những biến dạng này thường thấy rõ khi dung vật cơn
giỏi gì bác mình đẻ ra không nuôi thì ai nuôi                           , dòi thì bác mình để ra không nuôi thì ai nuôi
phù sa bồi đắp ruộng vườn cho xóm làng trù phú                          , phố xe bồ đấp ruộng vườn cho sốm làng trụ phú
ông nói chúng tôi hi vọng sẽ có những tin tức tốt lành                  , ông nó chúng tôi hy vọng sẽ cá những tin tức tốc lành
về nguyên tắc vào học là sinh viên phải đóng học phí                    , về nguyên tắc vào học là sinh viên phải đóng học phí
để những khó khăn và mâu thuẫn dần dần sẽ bị đẩy lui                    , để những khó khăn và mau thuống dần dần sẽ bị đại luôi
chóng mặt còn có thể do tình trạng rối loạn nhịp tim nặng gây ra        , chóng mặt còn có thể gia rớt tình trạng rớt lọn nhịp tim nặng gây ra
trong ngắn hạn thị trường vận hành như một cỗ máy bầu cử                , trong ngắn hạn thì trường vận hành như một của mấy bầu cử
chương trình học bổng thanh niên châu á của nhật bản                    , trương trình học bỗng thanh niên chau á của nhậc bà án
nhưng rồi cái tình với bà con cứ nắm níu không dứt ra được              , nhưng rồi cái tình tuối bà con cử nắm nắu không nhất ra được
số đơn vị tham gia hội chợ việc làm tăng đáng kể qua các năm            , số đang với tham gia hội chợ việc làm tăng đáng kể qua các năm
trang viết của họ hơn hẳn thời tuổi trẻ của tôi                         , trang vét của họ họ hản thời tuổi trẻ của tôi
khuyết điểm lớn của chúng ta là chưa có dân chủ thật sự                 , khuyệt điệm lớn của chúng ta là chưa cá dân chủ phật sự
em có suy nghĩ thêm về việc tham dự hội chợ khoa học không              , em có suy nghỉ thên về việc tan giự hội chợ cho ở khoa học không
họ chỉ thích những môn gì mạnh bạo bạo lực và kiếm ra tiền thôi         , họ chị tích những môn dì mạnh bạo bà lực và kiếm ra tiền thôi
những người trẻ ấy thật đáng phê phán đáng lên án                       , những người trẻ ấy thật đáng phê phán đáng lên án
thông thường án kỷ luật nếu có thường ban hành vào cuối tuần            , thông thường án kỹ luật nếu có thường ban hành bào quối tuần
điều lạ là tôi vẫn không từ bỏ ý định trở thành tu sĩ                   , điều là là là tôi vận không tự bỏ í đềnh trở thành tôo sự
các qui định của pháp luật không thể được ban hành theo kiểu đánh lén   , các quy định của pháp luật không thể được ban hành theo kiểu tánh lé
nhanh quá đã là lần thứ ba xa nhà rồi đấy                               , nhanh qué đã là lần thứ ba sang nhà rồ đấy
đỗ đức thuần nguyên kế toán trưởng công ty tiếp thị đầu tư              , độ đất thuận nguyên cái toán trưởng công ty tiết thự đầu tư
người anh sau đó được phép thầu xây kênh này nhưng không tiến hành      , người anh sau đó được phép thầu say kênh này nhưng không tiếng hành
nói cách khác cái được của châu á là cái mất của châu phi               , nói cách khác cái được của châu á là cái mất của châu phi
mắt tự nhiên hoa lên trí chụp một cái ly quật mạnh xuống sàn            , mắt tự nhiên hoa lên trí chực mỗc cái li hoọc bạn dúa sạn
từ đấy ông càng thông cảm sâu sắc tâm trạng của nguyễn thiếp            , tự đấy ông càng thông cảm sau sắc tâm trạng cuộn nguyễn thết
em hãy tìm cách tiếp cận để bày tỏ với mẹ                               , em hậy tìm cách tiếp cọn để bày tỏ với mẹ
lúc đó nạn kẹt xe chắc sẽ kinh khủng gấp nhiều lần hôm nay              , lut đó nãn cạc xe chắt sự kinh khủng gấp nhiều lần hốm nay
vợ lỡ có tật thế anh nên thay đổi cách tiếp cận                         , vợ lỡ các tật thế anh nên thay đổi cách tiếp cọn
đây được xem là vai diễn thành công nhất của vương từ trước đến nay     , đấy đội sem là và và diễn thành công nhất của vương từ chu đến nay
nhưng nếu chỉ nói cái giỏi không thôi thì thật chưa đủ về chú tư        , nhưng nếu chị nói nói cá giỏi không thôi thì thật sự chưa đủ về chú tư
tích cực hơn với vấn đề liên quan đến kiều bào                          , tích cực hơn với vấn đề liên quan đến kiều bào
để rồi chúng ta khao khát mãi trong vòng luân hồi nhân gian             , để rồi chúng ta khoa khác mãi trong luôn hồi nhăn giang
vấn đề nảy sinh từ cái câu hỏi dinh cu ấy                               , vấn đề nảy xinh từ cái câu hỏi dinh cố ấy
chị nên đi khám bác sĩ và chọn phương pháp ngừa thai hiệu quả           , chị nên đi khám bắt sĩ về chọn phương pháp người thay hiệu quả
nợ một cuộc chiến chống tham nhũng vẫn chưa vào đâu                     , nợ một cuộc chiến chống tham nhũng vận chưa và đâu
